<?xml version = "1.0" encoding = "UTF-8"?>

<beans xmlns = "http://www.springframework.org/schema/beans"
   xmlns:xsi = "http://www.w3.org/2001/XMLSchema-instance"
   xsi:schemaLocation = "http://www.springframework.org/schema/beans
   http://www.springframework.org/schema/beans/spring-beans-3.0.xsd">

   <bean id = "address1" class = "com.cg.project.bean.Address">
   <property name="city" value="Pune"/>
   <property name="state" value="Maharastra"/>
   <property name="country" value="India"/>
   <property name="pincode" value="411057"/>
   </bean>
   <bean id = "address2" class = "com.cg.project.bean.Address">
   <property name="city" value="Patiala"/>
   <property name="state" value="Punjab"/>
   <property name="country" value="India"/>
   <property name="pincode" value="147001"/>
   </bean>
   <bean id = "employee" class = "com.cg.project.bean.Employee">
   <property name="employeeId" value="12345"/>
   <property name="salary" value="52000"/>
   <property name="firstName" value="Hitesh"/>
   <property name="lastName" value="Goyal"/>
   <property name="address"  ref="address2"/>
   </bean>
</beans>