<?xml version="1.0" encoding="UTF-8"?>
<beans xmlns="http://www.springframework.org/schema/beans"
	xmlns:xsi="http://www.w3.org/2001/XMLSchema-instance"
	xmlns:context="http://www.springframework.org/schema/context"
	xsi:schemaLocation="http://www.springframework.org/schema/beans http://www.springframework.org/schema/beans/spring-beans.xsd
		http://www.springframework.org/schema/context http://www.springframework.org/schema/context/spring-context-4.0.xsd">

	<context:annotation-config/>

	<bean id="address2" class="com.cg.project.bean.Address">
		<constructor-arg name="city" value="Patiala" />
		<constructor-arg name="state" value="Punjab" />
		<constructor-arg name="country" value="India" />
		<constructor-arg name="pincode" value="147001" />
	</bean>
	<bean id="employee" class="com.cg.project.bean.Employee">
		<constructor-arg name="employeeId" value="12345" />
		<constructor-arg name="salary" value="52000" />
		<constructor-arg name="firstName" value="Hitesh" />
		<constructor-arg name="lastName" value="Goyal" />
	</bean>
</beans>